update,condition,minimal_avg-fitness,minimal_avg-offspring-cost,minimal_avg-energy-acq-rate,minimal_pop-size,selective_avg-fitness,selective_avg-offspring-cost,selective_avg-energy-acq-rate,selective_pop-size,rich_avg-fitness,rich_avg-offspring-cost,rich_avg-energy-acq-rate,rich_pop-size
0,competion,0.270992366,196.5,47.5,2,0.36259542,196.5,71.5,2,0.270992366,196.5,47.5,2
1,competion,0.270992366,196.5,47.5,2,0.36259542,196.5,71.5,2,0.270992366,196.5,47.5,2
2,competion,0.270992366,196.5,47.5,2,0.36259542,196.5,71.5,2,0.270992366,196.5,47.5,2
3,competion,0.270992366,196.5,47.5,2,0.36259542,196.5,71.5,2,0.270992366,196.5,47.5,2
4,competion,0.300254453,174.6666667,47.33333333,3,0.36259542,196.5,71.5,2,0.300254453,174.6666667,47.33333333,3
5,competion,0.300254453,174.6666667,47.33333333,3,0.361323155,174.6666667,63.33333333,3,0.300254453,174.6666667,47.33333333,3
6,competion,0.300254453,174.6666667,47.33333333,3,0.36259542,196.5,71.5,4,0.300254453,174.6666667,47.33333333,3
7,competion,0.300254453,174.6666667,47.33333333,3,0.36259542,196.5,71.5,4,0.300254453,174.6666667,47.33333333,3
8,competion,0.288549618,183.4,47.4,5,0.36259542,196.5,71.5,4,0.323664122,157.2,47.2,5
9,competion,0.300254453,174.6666667,47.33333333,6,0.36259542,196.5,71.5,4,0.300254453,174.6666667,47.33333333,6
10,competion,0.300254453,174.6666667,47.33333333,6,0.36259542,196.5,71.5,4,0.300254453,174.6666667,47.33333333,6
11,competion,0.300254453,174.6666667,47.33333333,6,0.36259542,196.5,71.5,4,0.300254453,174.6666667,47.33333333,6
12,competion,0.300254453,174.6666667,47.33333333,6,0.361323155,174.6666667,63.33333333,6,0.308615049,168.4285714,47.28571429,7
13,competion,0.32339232,157.3,47.2,10,0.36259542,196.5,71.5,8,0.323664122,157.2,47.2,10
14,competion,0.32339232,157.3,47.2,10,0.36259542,196.5,71.5,8,0.323664122,157.2,47.2,10
15,competion,0.32339232,157.3,47.2,10,0.36259542,196.5,71.5,8,0.323664122,157.2,47.2,10
16,competion,0.32339232,157.3,47.2,10,0.36259542,196.5,71.5,8,0.323664122,157.2,47.2,10
17,competion,0.333308549,149.8571429,47.14285714,15,0.36259542,196.5,71.5,8,0.329516539,152.8333333,47.16666667,12
18,competion,0.321529883,158.6842105,47.21052632,20,0.362171332,189.2222222,68.77777778,9,0.323664122,157.2,47.2,20
19,competion,0.321529883,158.6842105,47.21052632,20,0.361959288,185.5833333,67.41666667,12,0.323664122,157.2,47.2,20
20,competion,0.321529883,158.6842105,47.21052632,20,0.36259542,196.5,71.5,16,0.323664122,157.2,47.2,20
21,competion,0.321529883,158.6842105,47.21052632,20,0.36259542,196.5,71.5,16,0.328244275,153.7826087,47.17391304,23
22,competion,0.333308549,149.8571429,47.14285714,29,0.36259542,196.5,71.5,16,0.333520678,149.6785714,47.10714286,28
23,competion,0.335773395,148.0322581,47.12903226,32,0.36259542,196.5,71.5,16,0.33758074,146.8484848,47.12121212,33
24,competion,0.336492309,147.5,47.125,33,0.36259542,196.5,71.5,16,0.338204207,146.3823529,47.11764706,34
25,competion,0.336492309,147.5,47.125,33,0.361832061,183.4,66.6,20,0.338792048,145.9428571,47.11428571,35
26,competion,0.340353031,144.5897436,47.1025641,40,0.362454057,194.0740741,70.59259259,28,0.342510481,143.1627907,47.09302326,43
27,competion,0.337329401,146.86,47.12,51,0.362472297,194.3870968,70.70967742,32,0.332329186,150.754717,47.1509434,53
28,competion,0.33191813,150.9056604,47.1509434,55,0.362472297,194.3870968,70.70967742,32,0.3339638,149.3508772,47.10526316,57
29,competion,0.332415546,150.537037,47.14814815,56,0.362472297,194.3870968,70.70967742,32,0.334391642,149.0344828,47.10344828,58
30,competion,0.333755392,149.5263158,47.14035088,59,0.362472297,194.3870968,70.70967742,32,0.336934301,147.1230769,47.09230769,65
31,competion,0.336667912,147.3076923,47.12307692,68,0.362248439,190.5454545,69.27272727,34,0.338462975,145.9428571,47.07142857,72
32,competion,0.339128237,145.5068493,47.10958904,77,0.362316142,191.7073171,69.70731707,42,0.340177485,144.7236842,47.06578947,78
33,competion,0.339724728,145.0933333,47.10666667,79,0.356309566,195.0625,69.5,50,0.3405912,144.3589744,47.05128205,80
34,competion,0.340011201,144.8947368,47.10526316,80,0.356604483,193.8627451,69.1372549,54,0.341045886,144.025,47.05,82
35,competion,0.337702044,146.3444444,47.11111111,94,0.356604483,193.8627451,69.1372549,54,0.343016191,142.5777778,47.04444444,93
36,competion,0.335370145,148.0961538,47.125,110,0.356604483,193.8627451,69.1372549,54,0.333682307,149.4716981,47.08490566,110
37,competion,0.332827034,150.0350877,47.14035088,119,0.356604483,193.8627451,69.1372549,54,0.333509952,149.6339286,47.08928571,116
38,competion,0.332850876,150.0263158,47.14035088,119,0.357101186,191.8421053,68.52631579,60,0.333646268,149.4513274,47.07079646,118
39,competion,0.334239988,149.0416667,47.13333333,125,0.355648277,191.9027778,68.13888889,75,0.33591553,147.8225806,47.07258065,129
40,competion,0.336461889,147.4469697,47.13636364,137,0.356119436,192.2435897,68.38461538,83,0.338064518,146.2335766,47.06569343,140
41,competion,0.338478432,145.8767123,47.10958904,150,0.356406408,193.2098765,68.80246914,86,0.339422821,145.2465753,47.05479452,149
42,competion,0.337945764,146.1904762,47.12244898,151,0.356501375,193.2098765,68.81481481,86,0.339779432,144.9530201,47.04697987,152
43,competion,0.33907526,145.3870968,47.11612903,158,0.356501375,193.2098765,68.81481481,86,0.34081335,144.1582278,47.03797468,161
44,competion,0.335230945,148.2934132,47.14371257,171,0.355397106,191.8255814,68.11627907,91,0.340879638,144.172619,47.05357143,172
45,competion,0.332898853,150.0698925,47.16129032,191,0.355030956,192.3195876,68.25773196,103,0.333551032,149.5212766,47.08510638,193
46,competion,0.332591253,150.2323232,47.14646465,203,0.357966055,197.539823,70.86725664,120,0.331312726,151.0101523,47.08121827,202
47,competion,0.330388669,151.8905473,47.15920398,207,0.358204294,196.9333333,70.7,127,0.331762882,150.71,47.085,206
48,competion,0.331739109,151.0485437,47.15533981,213,0.35818257,195.8548387,70.31451613,130,0.333529922,149.4205607,47.07943925,219
49,competion,0.333239354,149.8116592,47.14349776,230,0.35818257,195.8548387,70.31451613,129,0.334449351,148.7657658,47.08108108,229
50,competion,0.33414404,149.106383,47.14893617,243,0.358147878,195.328,70.12,131,0.335985089,147.8,47.07555556,233
51,competion,0.334590627,148.790795,47.14644351,245,0.358472795,196.3834586,70.57142857,139,0.336334771,147.4391304,47.05652174,237
52,competion,0.333703905,149.4795082,47.15163934,249,0.360278311,198.147651,71.65100671,155,0.337587698,146.5081967,47.05327869,251
53,competion,0.331826858,151.0536398,47.17624521,267,0.360013554,200.6390533,72.50295858,176,0.333191649,149.9034749,47.06949807,268
54,competion,0.330456667,152.0355872,47.17793594,289,0.359366841,199.7413793,72.05172414,182,0.329122138,152.9751773,47.09574468,292
55,competion,0.328980391,153.1689189,47.19256757,303,0.359916913,197.4748603,71.34078212,187,0.328982288,152.9265734,47.1013986,297
56,competion,0.32853972,153.4219269,47.19269103,308,0.359916913,197.4748603,71.34078212,187,0.329462249,152.5290102,47.10580205,303
57,competion,0.329317468,152.8252427,47.18122977,317,0.359197874,195.9945652,70.66847826,192,0.33078413,151.4565916,47.09003215,322
58,competion,0.330365027,151.9782609,47.16770186,330,0.359507846,196.69,70.98,207,0.331773251,150.7546584,47.09006211,332
59,competion,0.331793181,150.9881657,47.17159763,346,0.35862443,196.4136364,70.59090909,228,0.331603331,150.9939024,47.08841463,336
60,competion,0.330432378,151.8804665,47.17492711,351,0.358854165,196.4364407,70.64830508,246,0.331892571,150.75,47.0813253,341
61,competion,0.32928736,152.7507082,47.17847025,361,0.358862466,194.5632653,69.97959184,254,0.3322358,150.48,47.07714286,359
62,competion,0.327863273,153.9893048,47.18983957,385,0.358862466,194.5632653,69.97959184,254,0.329785572,152.3116531,47.09214092,379
63,competion,0.326410373,155.0512821,47.18461538,402,0.359340966,193.5524194,69.70564516,257,0.327094202,154.3092784,47.10309278,399
64,competion,0.324903902,156.4064039,47.18965517,417,0.359913315,193.6731518,69.86381323,268,0.326092384,155.047619,47.10776942,409
65,competion,0.32486287,156.4746988,47.19518072,425,0.360166825,195.0611511,70.42446043,290,0.326777702,154.5798526,47.11302211,418
66,competion,0.325379071,156.0754717,47.19811321,434,0.359982853,196.0264026,70.74257426,316,0.327640691,153.8711217,47.09069212,433
67,competion,0.32618009,155.4590909,47.18181818,451,0.35945696,194.8411215,70.17445483,331,0.32844878,153.3208431,47.09133489,444
68,competion,0.327105594,154.7866667,47.17333333,462,0.359459546,194.0733945,69.89908257,337,0.32914581,152.7579909,47.07990868,455
69,competion,0.326982515,154.8590308,47.16960352,468,0.359081931,193.8693009,69.75379939,339,0.329115958,152.759009,47.07657658,461
70,competion,0.325429464,156.0469083,47.18123667,484,0.358560465,193.5223881,69.49253731,345,0.328743804,153.1101512,47.0712743,481
71,competion,0.324883411,156.575,47.18333333,494,0.357762893,193.8522727,69.39204545,362,0.325567865,155.3942505,47.08418891,504
72,competion,0.32470667,156.6673347,47.18236473,516,0.358409712,196.2751323,70.44444444,387,0.323391656,157.147929,47.10650888,524
73,competion,0.323651187,157.3679061,47.18786693,529,0.358512572,195.4607595,70.17468354,407,0.324047151,156.5980583,47.10485437,533
74,competion,0.324459483,156.6621359,47.18834951,534,0.358244009,195.1306533,70.00502513,410,0.325048423,155.7844991,47.10018904,545
75,competion,0.325410965,155.9618321,47.18320611,542,0.357812842,194.5024752,69.66584158,416,0.325786508,155.2384473,47.09796673,556
76,competion,0.32635539,155.2007505,47.18761726,553,0.358084497,194.1925926,69.60740741,417,0.326478566,154.7312614,47.09506399,565
77,competion,0.327147247,154.7391304,47.17934783,570,0.358220956,194.1124402,69.61004785,429,0.326593376,154.5881295,47.08273381,576
78,competion,0.326377326,155.4547069,47.1722913,580,0.358449491,195.2721088,70.0861678,453,0.326571197,154.4787986,47.07773852,587
79,competion,0.326027598,155.7487002,47.17677643,594,0.358309167,196.4857768,70.47483589,469,0.326595101,154.4742268,47.07388316,603
80,competion,0.327546214,154.4307432,47.15709459,607,0.358397546,196.1956989,70.39139785,476,0.324590451,155.9202658,47.07973422,622
81,competion,0.327215988,154.6891447,47.16611842,624,0.358415841,195.6460554,70.19616205,479,0.323869579,156.5202593,47.09076175,636
82,competion,0.326618085,155.0548387,47.16612903,638,0.358801845,195.3673036,70.19745223,481,0.323929874,156.4584665,47.09265176,646
83,competion,0.3271479,154.6289809,47.16242038,647,0.358810203,194.9621849,70.05462185,488,0.324519693,156.0537125,47.08530806,652
84,competion,0.327304394,154.4881517,47.16113744,653,0.359412549,194.7414141,70.14949495,508,0.325134163,155.6027821,47.08346213,667
85,competion,0.328092343,153.9071207,47.15634675,665,0.351185913,196.0039216,68.44313725,523,0.32482432,156.1102603,47.08882083,672
86,competion,0.328610035,153.5553869,47.15326252,677,0.342619297,196.6425856,66.44106464,539,0.325373259,155.6827795,47.09214502,682
87,competion,0.328841158,153.4864865,47.15165165,681,0.340785664,195.5358491,65.56981132,543,0.32477714,156.1023739,47.09347181,693
88,competion,0.328671656,153.611276,47.15430267,693,0.339359285,195.0600375,65.01313321,543,0.324545055,156.3690304,47.09261939,709
89,competion,0.327127722,154.8506589,47.16105417,702,0.335785678,195.0595903,64.07635009,549,0.32312365,157.3579545,47.10369318,719
90,competion,0.32768491,154.3414286,47.16142857,716,0.322648147,195.9476534,60.95306859,566,0.322634309,157.7818182,47.11468531,729
91,competion,0.3266782,154.8926554,47.16949153,727,0.315540469,195.7943761,59.01405975,581,0.323016397,157.3986111,47.10833333,736
92,competion,0.326962183,154.6437588,47.16830295,732,0.311926502,195.7607573,58.03098107,594,0.323293512,157.4807163,47.1046832,742
93,competion,0.327978032,153.8447552,47.15384615,736,0.31301446,194.8634812,58.01023891,600,0.323925722,157.010989,47.10302198,744
94,competion,0.327896002,153.906815,47.15577191,743,0.312302625,195.2563667,57.95925297,602,0.324974815,156.0628415,47.10928962,750
95,competion,0.328255543,153.6079235,47.15437158,751,0.309023744,195.2828619,57.10815308,614,0.324842696,156.1136671,47.1150203,755
96,competion,0.327895195,153.8914518,47.15468114,755,0.306310872,195.4838188,56.45631068,633,0.32507261,155.9973046,47.1212938,758
97,competion,0.327708416,154.0905459,47.15978695,767,0.30706019,195.5079365,56.66349206,647,0.323640891,157.056,47.13466667,770
98,competion,0.327285611,154.3703704,47.15740741,771,0.307433925,195.3793103,56.70062696,654,0.323746196,156.9644737,47.13947368,778
99,competion,0.326551286,154.8852673,47.16558018,783,0.306715735,195.3208723,56.48598131,659,0.324275222,156.2506527,47.14360313,787
100,competion,0.326306014,155.075718,47.16579634,785,0.308300219,195.1376147,56.83486239,669,0.324114691,156.3036649,47.14136126,788
101,competion,0.327277506,154.393273,47.17076326,791,0.30680483,195.0207101,56.38461538,687,0.325468155,155.3342003,47.13524057,790
102,competion,0.327460828,154.1842784,47.17010309,795,0.30619597,194.9270073,56.19270073,696,0.325808702,155.0878553,47.13953488,795
103,competion,0.328128468,153.6598203,47.16816431,798,0.305527611,194.6398852,55.9010043,707,0.326754689,154.4935897,47.14102564,800
104,competion,0.326974794,154.5690537,47.18286445,803,0.305652703,194.6714286,55.93571429,710,0.326378065,154.7026684,47.13722999,803
105,competion,0.326895741,154.6269036,47.18020305,807,0.306759574,194.7076271,56.24011299,719,0.326105656,154.895202,47.14015152,811
106,competion,0.327032765,154.4357683,47.18010076,815,0.306182844,194.9559835,56.21320495,737,0.324511809,156.0188206,47.13676286,819
107,competion,0.326172105,155.1031447,47.17735849,819,0.30645408,194.8326531,56.25306122,748,0.324512427,156.0598504,47.14089776,825
108,competion,0.326039101,155.204005,47.1864831,822,0.305936835,194.7043011,56.07795699,758,0.324173496,156.3023544,47.14126394,828
109,competion,0.326173238,155.1310861,47.19225968,825,0.306813446,194.1533333,56.12533333,764,0.324372097,156.1691358,47.14444444,831
110,competion,0.327211829,154.408642,47.19753086,833,0.306503391,194.1529255,56.0412234,772,0.325674116,155.2441718,47.14110429,835
111,competion,0.328267558,153.7019704,47.1908867,833,0.306165043,194.3180026,56.00525624,781,0.326316015,154.753978,47.14198286,838
112,competion,0.328563125,153.5067485,47.18773006,837,0.304998096,194.4161332,55.72215109,801,0.32627083,154.744186,47.14687882,840
113,competion,0.327918716,153.9194139,47.19047619,841,0.305736549,194.0670038,55.79519595,811,0.326403085,154.604878,47.14512195,844
114,competion,0.328912008,153.1861314,47.18126521,846,0.307298245,192.9324155,55.82352941,819,0.325615689,155.1720818,47.14320096,853
115,competion,0.328886086,153.2739394,47.18060606,850,0.308158153,192.3631841,55.82711443,824,0.324427067,155.9556355,47.13549161,858
116,competion,0.328517847,153.5653753,47.17554479,855,0.307143281,192.7896679,55.73431734,834,0.32378584,156.5179856,47.14748201,861
117,competion,0.328269974,153.781401,47.17753623,857,0.307443502,193.1668682,55.94800484,848,0.324385395,156.0873206,47.15430622,862
118,competion,0.328954769,153.297006,47.18203593,862,0.307814843,193.6101083,56.20216606,853,0.326020144,154.8419162,47.13892216,864
119,competion,0.329851799,152.6204033,47.17556346,865,0.309166346,193.1954436,56.39808153,858,0.326611022,154.4209275,47.13793103,868
120,competion,0.330014134,152.4923439,47.17550059,868,0.307657075,193.0467066,55.95808383,860,0.326993025,154.1583924,47.14184397,869
121,competion,0.329706165,152.6965762,47.17355372,871,0.30635294,193.1454112,55.64481526,864,0.326675761,154.3711584,47.14066194,871
122,competion,0.329541868,152.8150766,47.17667845,874,0.30441707,193.6654888,55.32508834,873,0.327637194,153.6014068,47.13247362,875
123,competion,0.330318753,152.2362573,47.17894737,880,0.305780418,193.7356725,55.72280702,878,0.326900753,154.1649123,47.1380117,878
124,competion,0.329935284,152.4732558,47.1627907,883,0.306848188,193.0594406,55.74242424,881,0.3254054,155.2329085,47.14600232,886
125,competion,0.329314601,152.9651163,47.15930233,885,0.307917547,192.6554524,55.87238979,883,0.325007957,155.5046296,47.15162037,886
126,competion,0.329828063,152.525463,47.15046296,887,0.30794073,193.3614319,56.11662818,886,0.326083547,154.737819,47.14037123,886
127,competion,0.33071531,152.0984936,47.15411356,889,0.306810845,194.264672,56.15995397,893,0.327464172,153.8918297,47.14269275,889
128,competion,0.33221276,151.0347222,47.15162037,890,0.307913021,194.4048165,56.50229358,895,0.327844694,153.5760369,47.14170507,892
129,competion,0.332764156,150.6294591,47.15189873,893,0.306827945,194.4331429,56.19542857,897,0.328241909,153.3421659,47.14976959,894
130,competion,0.332813678,150.5486827,47.14547537,895,0.307606933,194.3981693,56.37643021,897,0.328807129,152.9930636,47.14104046,894
131,competion,0.333193786,150.2508631,47.14499425,896,0.306501461,194.6011429,56.14857143,898,0.327670551,153.7822581,47.15322581,894
132,competion,0.33407828,149.5612829,47.1489118,897,0.306507108,194.3583618,56.05119454,898,0.327596793,153.8571429,47.14631336,896
133,competion,0.334814818,148.836197,47.14662085,897,0.305781041,194.0633484,55.77262443,899,0.326774114,154.5228833,47.15102975,898
134,competion,0.334869252,148.7990868,47.14155251,898,0.305806357,193.9625426,55.74914869,899,0.327039029,154.2462942,47.14595211,898
135,competion,0.335123832,148.5746864,47.14139111,900,0.307113248,193.6,55.97159091,899,0.327459911,153.8938356,47.14611872,898
136,competion,0.335836486,148.1006865,47.14302059,900,0.308243579,193.5730464,56.28425821,898,0.327673678,153.9658314,47.14009112,898
137,competion,0.336225809,147.844649,47.14269275,900,0.307793275,194.3276836,56.43276836,900,0.32809791,153.3650794,47.13151927,899
138,competion,0.336240126,147.775463,47.1400463,900,0.307379962,194.4887133,56.37020316,900,0.328420236,153.1678005,47.13378685,899
139,competion,0.336141499,147.8187067,47.1408776,900,0.308119622,192.98307,56.03724605,900,0.327899049,153.5460751,47.13993174,899
140,competion,0.336305794,147.7594502,47.14662085,900,0.309008385,192.472912,56.0778781,900,0.328466404,153.1155606,47.12471396,899
141,competion,0.335922029,148.0537757,47.15102975,900,0.3098619,192.4571106,56.29345372,900,0.330217237,151.771167,47.10869565,900
142,competion,0.336182878,147.8449259,47.14481186,900,0.310654282,192.6900452,56.57352941,900,0.330422515,151.5936073,47.10958904,900
143,competion,0.33580882,148.070615,47.13553531,900,0.306554502,193.4097616,55.79001135,900,0.331182557,151.1014823,47.11630559,900
144,competion,0.336597382,147.4761905,47.13265306,900,0.308020391,192.89819,55.99321267,900,0.331109647,151.0649203,47.09908884,900
145,competion,0.336829412,147.3253968,47.13605442,900,0.307785148,192.459887,55.76158192,900,0.331157561,150.9716553,47.09977324,900
146,competion,0.337572322,146.7681818,47.13181818,900,0.308458746,192.7548241,56.02383655,900,0.331343179,150.6670442,47.09173273,900
147,competion,0.337714086,146.6215596,47.12614679,900,0.308721662,191.7954545,55.74318182,900,0.331955325,150.2386878,47.08597285,900
148,competion,0.337320129,146.9745958,47.12355658,900,0.309318707,191.9387755,55.95124717,900,0.332506796,149.8730159,47.0861678,900
149,competion,0.337391233,147.0346821,47.13294798,900,0.309867521,191.4088838,55.93394077,900,0.332330388,150.1274175,47.09442548,900
150,competion,0.337530085,146.9639535,47.1372093,900,0.309669926,191.0489192,55.75426621,900,0.331663332,150.546697,47.08883827,900
151,competion,0.337777578,146.6589327,47.12645012,900,0.310369151,190.4988584,55.72031963,900,0.332024313,150.5341686,47.08542141,900
152,competion,0.337994159,146.4508671,47.11907514,900,0.310839004,189.6932725,55.54960091,900,0.333002164,149.8090909,47.075,900
153,competion,0.33868086,145.9651972,47.12296984,900,0.310527807,189.9111617,55.54214123,900,0.333541876,149.7215909,47.07727273,900
154,competion,0.339124697,145.682448,47.12355658,900,0.310919575,189.9077449,55.64920273,900,0.333971259,149.38479,47.06696935,900
155,competion,0.33940631,145.406214,47.11852704,900,0.310842495,189.5745165,55.5221843,900,0.33535258,148.4386364,47.06022727,900
156,competion,0.340241663,144.6996548,47.1127733,900,0.310811467,189.7485779,55.5483504,900,0.335665131,148.261661,47.0625711,900
157,competion,0.33980753,145.0586207,47.1183908,900,0.310856504,189.3936291,55.44482366,900,0.335051837,148.552901,47.0625711,900
158,competion,0.339185469,145.4803695,47.12240185,900,0.310084063,190.354618,55.57924743,899,0.335544807,147.9353008,47.06242906,900
159,competion,0.339276895,145.3813364,47.12442396,900,0.309370799,190.2332196,55.36518771,899,0.335706454,147.8514739,47.06575964,900
160,competion,0.338728216,145.8101266,47.11852704,900,0.310031644,189.7352273,55.36136364,899,0.335316836,148.1087203,47.06115515,900
161,competion,0.339357094,145.375576,47.12327189,900,0.311824662,188.7943182,55.4625,898,0.336131841,147.5056689,47.05782313,900
162,competion,0.340284005,144.7193585,47.11454754,900,0.312237119,188.1642129,55.33748584,900,0.336789882,147.0624291,47.04994325,899
163,competion,0.341691904,143.7528604,47.1201373,900,0.312099033,188.2320819,55.31740614,900,0.337159238,146.8278596,47.05322763,900
164,competion,0.342132438,143.4087256,47.11940299,900,0.312023687,187.9625,55.18409091,900,0.337338326,146.7873303,47.06221719,900
165,competion,0.343202911,142.6285714,47.12342857,900,0.312331868,187.8517674,55.22805017,899,0.337925989,146.3382353,47.05656109,900
166,competion,0.343515964,142.510907,47.12858783,900,0.312544684,187.5079727,55.16970387,898,0.336943237,147.0810811,47.0518018,900
167,competion,0.344211309,142.087256,47.13432836,900,0.313334669,186.8228571,55.15085714,900,0.336897644,147.1297968,47.05530474,900
168,competion,0.344245616,142.0253165,47.13118527,900,0.313505302,186.6173121,55.12300683,900,0.337033415,146.8373151,47.05119454,900
169,competion,0.344972527,141.4214781,47.11778291,899,0.314802776,186.4726651,55.41571754,900,0.336702979,147.1107306,47.05365297,900
170,competion,0.345137719,141.3689655,47.11609195,899,0.314026034,187.0102389,55.41296928,900,0.337396858,146.5290764,47.04104903,900
171,competion,0.345358126,141.2128146,47.1201373,900,0.313611166,186.4857469,55.08779932,900,0.338547396,145.6252847,47.04328018,900
172,competion,0.345972682,140.7777778,47.12027491,900,0.31535941,185.8369441,55.25769669,900,0.339675395,144.744898,47.03854875,900
173,competion,0.346169702,140.6038813,47.1152968,900,0.315968548,185.7920455,55.38863636,900,0.340311683,144.3133484,47.03280543,900
174,competion,0.346872144,139.9714612,47.10273973,900,0.315335241,185.8431818,55.27386364,900,0.340192228,144.3197279,47.0260771,900
175,competion,0.346410652,140.3810069,47.11098398,900,0.315892954,185.2534091,55.21363636,900,0.339901625,144.5243488,47.02831257,900
176,competion,0.346653419,140.2305936,47.11415525,900,0.317317747,184.5278093,55.31668558,900,0.340167403,144.4134396,47.03075171,900
177,competion,0.346764982,140.109215,47.10807736,900,0.315824711,184.5290102,54.96700796,900,0.341455003,143.4631101,47.01929625,900
178,competion,0.346501422,140.3526735,47.10125142,900,0.315875547,184.9372862,55.10148233,900,0.342345306,142.7886364,47.00909091,900
179,competion,0.346971236,140.0271801,47.09399773,900,0.316139873,184.6700796,55.07849829,899,0.342346586,142.7676538,47.01025057,900
180,competion,0.346479726,140.4229025,47.09977324,900,0.315268435,184.7736064,54.8668942,899,0.343161063,142.1714286,47.01828571,900
181,competion,0.346865117,140.1289593,47.10067873,900,0.314710777,184.2806818,54.52613636,900,0.343219791,142.1497143,47.024,900
182,competion,0.347934094,139.2819932,47.09513024,900,0.315777987,183.9909194,54.68785471,900,0.343422714,142.0206659,47.02181401,900
183,competion,0.347133464,139.8081725,47.09307605,900,0.31557622,183.2667423,54.40408627,900,0.342850854,142.4068966,47.02183908,900
184,competion,0.347559066,139.4133635,47.09626274,900,0.314731121,183.3897727,54.24090909,899,0.3436234,141.787844,47.02408257,900
185,competion,0.347850024,139.1744584,47.09122007,900,0.315287396,183.3662132,54.3877551,900,0.343095374,142.2245132,47.03550974,900
186,competion,0.348377824,138.8754286,47.09257143,900,0.316410284,182.3972758,54.29625426,900,0.342749372,142.581422,47.03784404,900
187,competion,0.347925744,139.1595867,47.08725603,900,0.317425659,182.4326161,54.61155153,900,0.342645469,142.6578645,47.0413318,900
188,competion,0.348077276,139.0045819,47.0882016,900,0.317836375,182.1223103,54.60815402,900,0.343668039,141.8523645,47.03806228,900
189,competion,0.348228211,138.912,47.08571429,900,0.317993485,182.2251131,54.70135747,900,0.344420482,141.4060325,47.05336427,900
190,competion,0.348303249,138.8867277,47.08466819,900,0.318052925,182.1141243,54.69491525,899,0.344908654,140.9593023,47.05930233,900
191,competion,0.348864969,138.4954338,47.0913242,900,0.318031774,181.0531073,54.3039548,900,0.344742888,141.0707657,47.05568445,900
192,competion,0.348613354,138.7095672,47.08997722,900,0.317634191,181.420339,54.30621469,900,0.34510942,140.7482599,47.04060325,900
193,competion,0.348948738,138.4316629,47.08997722,900,0.316323641,181.7301587,54.0521542,900,0.344703736,141.0045977,47.03103448,900
194,competion,0.349308349,138.1533181,47.08466819,900,0.316798461,181.3846154,54.04751131,900,0.34596151,140.125576,47.03110599,900
195,competion,0.349414831,138.071754,47.08314351,900,0.317274475,181.7383918,54.32729332,900,0.346255529,139.9296424,47.03114187,900
196,competion,0.349187331,138.2295455,47.07727273,900,0.318918261,180.8284091,54.45227273,900,0.345721191,140.3630058,47.03699422,900
197,competion,0.34949433,138.2522831,47.07420091,900,0.319444586,180.3151308,54.39476678,900,0.346033563,140.1189376,47.02655889,900
198,competion,0.349340182,138.4104903,47.07981756,900,0.319679743,180.2568182,54.43977273,900,0.346507646,139.7235023,47.02534562,899
199,competion,0.349338287,138.4389966,47.08665906,900,0.319180975,180.6924829,54.46924829,900,0.346234054,140.0530565,47.03921569,900
200,competion,0.348963208,138.7044674,47.07331042,900,0.319522918,180.6040956,54.50967008,900,0.346150523,140.1313364,47.03686636,900
201,competion,0.349559213,138.0171625,47.08237986,900,0.319811176,180.3041002,54.4715262,900,0.345992271,140.1990794,47.0310702,900
202,competion,0.34963885,138.0365297,47.08561644,900,0.32058722,179.9351536,54.56427759,900,0.346130633,140.0528736,47.03563218,900
203,competion,0.35005317,137.6872146,47.08219178,900,0.320069817,180.1892816,54.52793615,900,0.346925313,139.5949367,47.03912543,900
204,competion,0.350648624,137.2531215,47.07832009,900,0.319318369,180.7514253,54.5359179,900,0.34722751,139.3145809,47.04362801,900
205,competion,0.350921753,136.9092971,47.07482993,900,0.319323099,181.0148064,54.63439636,900,0.347114332,139.4925201,47.04487917,900
206,competion,0.350851795,136.9647727,47.06931818,900,0.318912965,180.7596811,54.45102506,900,0.347028168,139.4503464,47.04503464,900
207,competion,0.351820187,136.2593857,47.06825939,900,0.31942287,179.7659091,54.20454545,900,0.346970397,139.4816092,47.04827586,900
208,competion,0.352640299,135.6390465,47.06129398,900,0.319504822,179.7204545,54.19659091,900,0.347730106,138.9574223,47.04948216,899
209,competion,0.35233727,135.8451977,47.06101695,900,0.320995297,179.6977273,54.60113636,900,0.347470428,139.0841014,47.04147465,898
210,competion,0.352237065,135.8655367,47.04858757,900,0.320681494,179.1117446,54.29646522,900,0.347290188,139.1456422,47.03440367,898
211,competion,0.35205943,135.9386364,47.03977273,900,0.321599426,178.1047836,54.16059226,900,0.346673748,139.6613272,47.04691076,900
212,competion,0.351891562,136.109215,47.04891923,900,0.320915239,178.8022857,54.24914286,900,0.347319646,139.233677,47.04696449,900
213,competion,0.352034603,136.0159635,47.03876853,900,0.321106253,178.4698521,54.16154721,900,0.347834735,138.652968,47.03310502,900
214,competion,0.352030061,136.043379,47.04794521,900,0.319687042,178.5714286,53.81632653,899,0.348475715,138.2146119,47.02739726,900
215,competion,0.352053999,135.986317,47.04446978,900,0.320371603,178.5079365,53.97619048,900,0.348946229,137.9632184,47.03563218,900
216,competion,0.35184088,136.0251429,47.03085714,899,0.320871666,177.7502838,53.85471056,900,0.348020437,138.5965517,47.00689655,900
217,competion,0.351943369,135.9430524,47.02050114,900,0.322044141,177.3333333,53.97497156,899,0.348565127,138.2020666,46.99885189,899
218,competion,0.351628309,136.3678815,47.01822323,900,0.322435618,176.5153584,53.79863481,900,0.348168917,138.816092,47.00344828,899
219,competion,0.352240494,135.9396355,47.0284738,900,0.322142655,177.1615472,53.9738339,900,0.347524031,139.2566474,46.99653179,900
220,competion,0.352848118,135.4755959,47.01589103,900,0.323278744,176.7474403,54.1331058,900,0.348253968,138.5434531,47,900
221,competion,0.354499801,134.2889647,47.01137656,899,0.322993515,176.4416476,53.94508009,900,0.348517458,138.3579677,47,900
222,competion,0.354649108,134.0990888,47.00683371,900,0.322266459,176.6043578,53.80733945,900,0.348935958,137.9654378,46.98963134,900
223,competion,0.354717943,134.0364465,47.01138952,900,0.323622028,176.0576037,53.95391705,900,0.349049412,137.9702176,46.99885452,900
224,competion,0.355043627,133.8428246,47.01025057,900,0.321976077,176.1183908,53.54942529,899,0.348486741,138.3642612,46.99770905,900
225,competion,0.355269772,133.7240593,47.00684151,900,0.321812376,175.6052934,53.33141542,900,0.348457482,138.293578,46.98509174,900
226,competion,0.355298092,133.7508532,47.00227531,900,0.323258846,174.9448909,53.47646383,900,0.349617839,137.5280641,47.0137457,900
227,competion,0.35550569,133.5954545,47,900,0.32244645,174.7193995,53.18475751,900,0.349936553,137.1731651,47.00802752,900
228,competion,0.354540299,134.1872872,47.00227015,900,0.323814385,175.0092486,53.63930636,900,0.349587364,137.3249139,47.00229621,900
229,competion,0.354212363,134.2894438,46.99205448,900,0.322882157,174.4423963,53.17165899,900,0.35065561,136.4575688,46.99426606,900
230,competion,0.354459134,134.1420455,46.99886364,900,0.323458186,173.9896194,53.15916955,900,0.351357272,135.9101382,46.98271889,900
231,competion,0.355416518,133.5375,47.00113636,900,0.324264557,173.4678161,53.1862069,900,0.351588028,135.8013857,46.98845266,900
232,competion,0.35584286,133.1227273,47.00113636,900,0.32506192,173.6948571,53.49142857,900,0.351267408,135.9771167,46.97482838,900
233,competion,0.356450995,132.5724059,47.01026226,900,0.325334558,173.506865,53.50686499,900,0.351190414,136.0034325,46.97254005,900
234,competion,0.356912907,132.3234624,47.00455581,900,0.326085108,172.8774341,53.49713631,900,0.352319572,135.2811429,46.99085714,900
235,competion,0.356982447,132.3644647,47.01252847,900,0.327058395,173.1536697,53.84174312,899,0.352194632,135.352,46.99085714,900
236,competion,0.356640445,132.668942,47.01023891,900,0.326514998,173.983871,53.98963134,900,0.352000231,135.4840183,46.98858447,900
237,competion,0.356763806,132.5988636,47.02159091,900,0.326084496,173.5797933,53.74397245,899,0.351236964,136.0785877,46.98405467,900
238,competion,0.356698634,132.9079545,47.02954545,900,0.324985603,174.233945,53.68922018,900,0.351906406,135.7232346,46.98974943,900
239,competion,0.356911221,132.7832009,47.02724177,900,0.325518036,173.279496,53.50171821,900,0.352038397,135.5074116,46.95096921,900
240,competion,0.357417935,132.4163823,47.02161547,900,0.324258167,173.4174312,53.23509174,900,0.351104894,136.4543379,46.96689498,900
241,competion,0.357125325,132.7076223,47.03185438,900,0.32396274,173.5240826,53.18348624,900,0.351207605,136.3924485,46.96224256,900
242,competion,0.357261288,132.6598407,47.03981797,900,0.3246162,173.2914286,53.27314286,900,0.351636064,135.9805936,46.95890411,899
243,competion,0.357378676,132.2931818,47.0375,900,0.32392895,173.3033067,53.09350057,900,0.352208965,135.6438356,46.96461187,900
244,competion,0.35734166,132.3367347,47.03061224,900,0.325092536,172.7559863,53.19156214,900,0.352607338,135.3382857,46.96228571,900
245,competion,0.357064578,132.530543,47.0361991,900,0.3248378,173.264,53.31885714,900,0.352803422,135.2025172,46.96224256,900
246,competion,0.356855806,132.6262741,47.03510759,900,0.326104887,173.163803,53.59793814,900,0.353158213,135.0114679,46.97133028,900
247,competion,0.356721882,132.806342,47.0385051,900,0.32563472,173.209622,53.49255441,900,0.353139439,135.9389401,46.96889401,900
248,competion,0.356689988,132.7886364,47.03522727,900,0.324025322,173.7087156,53.16857798,900,0.353203235,136.3172414,46.96551724,900
249,competion,0.357033254,132.4613636,47.02954545,900,0.323455876,173.5663206,52.97001153,900,0.35340498,136.1572905,46.96326062,900
250,competion,0.357104845,132.4197952,47.02844141,900,0.324654722,172.8168203,53.00345622,900,0.3544725,135.4531963,46.9760274,900
251,competion,0.357367041,132.2118451,47.03416856,900,0.325023126,172.9072165,53.13172967,900,0.35443529,135.3945268,46.97035348,900
252,competion,0.357190577,132.3432155,47.03192702,900,0.32480772,172.4153318,52.90503432,900,0.354894341,134.5546697,46.96810934,900
253,competion,0.356958345,132.4505119,47.0261661,900,0.325511838,171.3988571,52.82171429,900,0.354970418,134.5159453,46.96697039,900
254,competion,0.356815135,132.5861678,47.03061224,900,0.325730836,171.32,52.75542857,900,0.354948801,134.5358362,46.96928328,900
255,competion,0.356774848,132.5816327,47.03968254,900,0.32639126,170.7308133,52.81786942,900,0.355215665,134.094533,46.9738041,900
256,competion,0.356686615,132.6295455,47.04204545,900,0.327469991,170.4016018,52.97139588,900,0.355435558,133.9259681,46.97266515,900
257,competion,0.356913877,132.5005701,47.04675029,900,0.32761945,170.2405498,52.86827033,900,0.355189697,134.1101022,46.97729852,900
258,competion,0.357332857,132.2072893,47.03872437,900,0.328337612,170.336,53.07885714,900,0.355357382,134.0045403,46.97275823,900
259,competion,0.357090141,132.4396355,47.04555809,900,0.329079391,169.8926941,53.12328767,900,0.355554549,133.8911565,46.97959184,900
260,competion,0.356718632,132.6708571,47.05371429,900,0.328753851,169.3029613,52.82004556,900,0.355928799,133.5369738,46.97155859,900
261,competion,0.356934007,132.4742857,47.04571429,900,0.329292343,169.0926773,52.85469108,900,0.355951829,133.5051429,46.96457143,900
262,competion,0.356910299,132.4822857,47.04571429,900,0.328136336,169.0319635,52.62442922,900,0.356038914,133.3988571,46.96,900
263,competion,0.356854636,132.5496009,47.05587229,900,0.329354035,168.6887115,52.82554162,900,0.355696365,133.8950969,46.96807298,900
264,competion,0.357444682,132.1767389,47.0604333,900,0.329363227,168.4368601,52.70989761,900,0.35562548,133.9169511,46.96814562,900
265,competion,0.357295242,132.2063854,47.04903079,900,0.329784218,168.8882554,52.99201824,899,0.355612261,133.9419134,46.97266515,900
266,competion,0.357127159,132.5572082,47.05034325,900,0.328859894,168.9702517,52.78832952,898,0.35566158,133.8331429,46.97028571,900
267,competion,0.357355251,132.3291429,47.04685714,900,0.328794007,169.2576967,52.87913341,899,0.356034401,133.7113402,46.97709049,900
268,competion,0.357726798,132.1798396,47.06185567,900,0.32790103,169.2839225,52.64994299,900,0.356193161,133.6258581,46.98398169,900
269,competion,0.357420488,132.384,47.06628571,900,0.328268571,168.4880817,52.45856981,900,0.356146031,133.6828143,46.98961938,900
270,competion,0.357307802,132.3915525,47.05136986,900,0.327556374,168.3223235,52.21070615,900,0.356024117,133.8956422,46.96330275,900
271,competion,0.356399071,133.1046644,47.04209329,900,0.327817193,168.1766055,52.22477064,900,0.356337215,133.6880734,46.97362385,900
272,competion,0.356763309,132.8806818,47.04204545,900,0.328121476,168.6681922,52.50457666,900,0.356384924,133.6781609,46.98735632,900
273,competion,0.356804331,132.9670829,47.06242906,900,0.329164296,168.8854525,52.78579611,900,0.356705551,133.559633,47.00344037,900
274,competion,0.356944951,132.5592255,47.0501139,900,0.329741041,169.0538373,52.99198167,900,0.356753182,133.3873563,47.01609195,900
275,competion,0.357285401,132.3219568,47.04095563,900,0.329209992,169.1940976,52.94211124,900,0.356247365,133.6052934,46.9976985,900
276,competion,0.357357415,131.9840728,47.03754266,900,0.328454407,168.9249147,52.74061433,900,0.356273403,133.6570771,47.00690449,900
277,competion,0.357376206,131.9783599,47.04441913,900,0.326947695,169.5295455,52.57386364,900,0.356119422,133.7647059,47.01614764,900
278,competion,0.357479091,131.9118993,47.03546911,900,0.32721342,169.3890785,52.62684869,900,0.356165121,133.7597701,47.02758621,900
279,competion,0.357246627,132.1915138,47.03784404,900,0.327192256,168.922815,52.43359818,900,0.356627386,133.2778416,47.03903559,900
280,competion,0.357028896,132.2683486,47.02752294,900,0.328484453,167.7577143,52.35085714,900,0.356325298,133.4349827,47.04833142,900
281,competion,0.35657836,132.6275862,47.03793103,900,0.328728479,167.7899543,52.46803653,900,0.356317915,133.4048443,47.04036909,900
282,competion,0.355826672,133.1076747,47.04009164,900,0.329594628,167.640411,52.61872146,900,0.356524107,133.3333333,47.04827586,900
283,competion,0.355940378,133.0619266,47.04357798,900,0.330040107,167.0320366,52.52059497,900,0.356112167,133.5678161,47.04712644,900
284,competion,0.356237776,132.9129439,47.03894616,900,0.328961316,166.8473804,52.10364465,900,0.356364718,132.6272936,47.06880734,900
285,competion,0.356316916,132.9117984,47.04581901,900,0.32942314,166.2565267,52.03518729,900,0.3560433,132.7979334,47.05396096,900
286,competion,0.356547962,132.7894737,47.0583524,900,0.328193518,166.4652223,51.77651083,899,0.355749526,132.8872267,47.03337169,900
287,competion,0.356461566,132.7250859,47.05383734,900,0.328882108,166.3857635,51.97244546,899,0.356607454,132.3245413,47.05504587,900
288,competion,0.356531162,132.6693456,47.04707233,900,0.328726436,165.3497706,51.56192661,899,0.356707326,132.1481056,47.04362801,900
289,competion,0.356046447,132.9400231,47.04959631,900,0.327708237,166.3195402,51.63333333,900,0.35720428,131.9094037,47.04816514,900
290,competion,0.356182668,133.0011561,47.06242775,900,0.329264656,166.0309989,51.95407577,900,0.357074788,131.9504037,47.04267589,900
291,competion,0.355701983,133.3390805,47.06091954,900,0.3291308,166.2205543,51.98729792,900,0.356899346,132,47.03244496,900
292,competion,0.355635747,133.3935558,47.06329114,900,0.32844756,166.3801843,51.8640553,900,0.356603937,132.2143685,47.04634994,900
293,competion,0.355695585,133.3406214,47.05638665,900,0.329914502,165.4977064,51.9483945,900,0.356777145,132.0690449,47.03337169,900
294,competion,0.355625065,133.3687861,47.04971098,900,0.330940006,164.4742268,51.8327606,900,0.356799413,132.0505166,47.03099885,900
295,competion,0.355745796,133.2710496,47.05305652,900,0.33169854,164.0492554,51.89117984,900,0.356707399,132.062069,47.02528736,900
296,competion,0.35612744,133.0184332,47.03917051,900,0.331435757,164.1227064,51.83715596,900,0.357131,131.9059633,47.04013761,900
297,competion,0.356527108,132.728211,47.04701835,900,0.33160604,163.7899543,51.76255708,900,0.356926717,131.9851429,47.02971429,900
298,competion,0.356593967,132.6647532,47.04247991,900,0.332533671,163.8755708,52.03767123,900,0.357228662,131.7528604,47.01372998,900
299,competion,0.355936039,133.1809851,47.05498282,900,0.332633267,162.8745724,51.69669327,900,0.357408969,131.6050228,46.99657534,900
300,competion,0.355876019,133.1546392,47.05956472,900,0.332860938,162.9612315,51.80387685,899,0.357374504,131.6735395,47.01030928,900